_id,x_mean,x_std,x_max,x_min,y_mean,y_std,y_max,y_min,z_mean,z_std,z_max,z_min,sma,x_energy,y_energy,z_energy,x_iqr,y_iqr,z_iqr,xy_corr,xz_corr,yz_corr,x_mean_pos1,x_std_pos1,x_max_pos1,x_min_pos1,y_mean_pos1,y_std_pos1,y_max_pos1,y_min_pos1,z_mean_pos1,z_std_pos1,z_max_pos1,z_min_pos1,sma_pos1,x_energy_pos1,y_energy_pos1,z_energy_pos1,x_iqr_pos1,y_iqr_pos1,z_iqr_pos1,xy_corr_pos1,xz_corr_pos1,yz_corr_pos1
2,10398.99331103679,636.7953159628365,11924.0,8728.0,1220.2307692307693,712.5387554945701,3100.0,-1344.0,-12743.739130434782,516.8537831392468,-11364.0,-14364.0,16528.702151997782,108544231.10367893,1996250.1003344485,162669801.49832776,1136.0,735.0,866.0,-0.1869806078612744,0.9504903918502144,-0.0627921081160351,15146.131868131868,160.38577750829157,16424.0,12984.0,-1865.6117216117216,122.33108359951603,-1588.0,-3500.0,-6243.5677655677655,290.7456767793016,-5008.0,-7132.0,16491.939760522124,229431010.6080586,3495458.285714286,39066594.08058608,196.0,132.0,485.0,-0.2033833995211394,0.7509250972497991,-0.4524488776596991
3,12969.669749009248,807.7112754856339,15236.0,10760.0,-36.35402906208719,1327.7850998271635,4640.0,-5000.0,-10092.49141347424,1051.6031155767466,-7208.0,-11824.0,16538.716131428355,168863869.08322325,1762005.9392338176,102962791.18626156,1164.0,964.0,1368.0,-0.0235260979732353,0.9214243095152936,-0.0234575499637675,15146.131868131868,160.38577750829157,16424.0,12984.0,-1865.6117216117216,122.33108359951603,-1588.0,-3500.0,-6243.5677655677655,290.7456767793016,-5008.0,-7132.0,16491.939760522124,229431010.6080586,3495458.285714286,39066594.08058608,196.0,132.0,485.0,-0.2033833995211394,0.7509250972497991,-0.4524488776596991
6,12765.113725490197,3289.505788037965,29072.0,6396.0,815.0274509803921,2927.2235419587973,12488.0,-5844.0,-10411.811764705884,3428.9693631704918,-5840.0,-21284.0,16912.948421196957,173726542.05490196,9199304.90980392,120117545.9764706,3768.0,3326.0,4846.0,0.0786586382263734,-0.3949791540652496,-0.0215968896778423,15146.131868131868,160.38577750829157,16424.0,12984.0,-1865.6117216117216,122.33108359951603,-1588.0,-3500.0,-6243.5677655677655,290.7456767793016,-5008.0,-7132.0,16491.939760522124,229431010.6080586,3495458.285714286,39066594.08058608,196.0,132.0,485.0,-0.2033833995211394,0.7509250972497991,-0.4524488776596991
8,15474.915254237289,261.28189012735885,16056.0,13444.0,-1894.415254237288,442.9801290344091,956.0,-4544.0,-5328.025423728814,548.2665011642293,-4108.0,-8192.0,16492.39994697463,239541198.0338983,3784832.6779661016,28688132.6440678,216.0,412.0,601.0,0.1392128794730893,0.8153612111823455,-0.1527924489013519,15146.131868131868,160.38577750829157,16424.0,12984.0,-1865.6117216117216,122.33108359951603,-1588.0,-3500.0,-6243.5677655677655,290.7456767793016,-5008.0,-7132.0,16491.939760522124,229431010.6080586,3495458.285714286,39066594.08058608,196.0,132.0,485.0,-0.2033833995211394,0.7509250972497991,-0.4524488776596991
9,15071.435323383084,3140.794594572817,29164.0,10240.0,-1579.1592039800994,1482.5531752314264,3308.0,-7412.0,-6577.519900497512,1970.134950849066,-3272.0,-14340.0,16639.213662005932,237006618.6965174,4690340.815920398,47142785.940298505,3827.0,1986.0,2640.0,-0.0584038821667545,-0.5955810777418202,0.0952591691643883,15146.131868131868,160.38577750829157,16424.0,12984.0,-1865.6117216117216,122.33108359951603,-1588.0,-3500.0,-6243.5677655677655,290.7456767793016,-5008.0,-7132.0,16491.939760522124,229431010.6080586,3495458.285714286,39066594.08058608,196.0,132.0,485.0,-0.2033833995211394,0.7509250972497991,-0.4524488776596991
10,6096.20640569395,726.2846127897454,9740.0,3788.0,1230.9163701067616,1313.22874397072,5552.0,-3732.0,-15212.756227758007,259.4612013451661,-11160.0,-16288.0,16504.856457616483,37690987.23131672,3238957.6868327404,231495242.21352312,864.0,1521.0,292.0,-0.633548007055647,0.7011434561202771,-0.1981932593471437,14093.322865554464,141.593488166621,15084.0,13064.0,-1838.1589793915605,319.2967503425467,-272.0,-4304.0,-8315.038272816486,212.69538228588056,-6348.0,-10676.0,16471.251592772565,198641778.4337586,3480678.798822375,69185056.40824337,138.0,352.0,196.0,0.3129366989473828,0.7427018626953659,-0.0260716910592322
13,11669.371957156767,509.36820927904216,12500.0,13.0,865.1071080817916,862.9667029654204,3152.0,-844.0,-11561.276533592987,504.4980670656339,13.0,-13028.0,16479.196094371146,136433445.21226874,1492396.70593963,133917385.55890945,442.0,1456.0,438.0,0.1064149232821041,-0.0883836677736474,0.1399240336209578,14093.322865554464,141.593488166621,15084.0,13064.0,-1838.1589793915605,319.2967503425467,-272.0,-4304.0,-8315.038272816486,212.69538228588056,-6348.0,-10676.0,16471.251592772565,198641778.4337586,3480678.798822375,69185056.40824337,138.0,352.0,196.0,0.3129366989473828,0.7427018626953659,-0.0260716910592322
14,12002.647646219686,2301.407845497147,23460.0,8132.0,1024.3480741797432,1488.8996673432025,5840.0,-2820.0,-11312.720874940562,1956.0647044631285,-7228.0,-18632.0,16627.349118621998,149357510.05611032,3265057.0727532096,131802023.32667616,3002.0,2422.0,2828.0,0.0896438050936641,-0.7274820901192702,-0.0662624879650455,14093.322865554464,141.593488166621,15084.0,13064.0,-1838.1589793915605,319.2967503425467,-272.0,-4304.0,-8315.038272816486,212.69538228588056,-6348.0,-10676.0,16471.251592772565,198641778.4337586,3480678.798822375,69185056.40824337,138.0,352.0,196.0,0.3129366989473828,0.7427018626953659,-0.0260716910592322
16,15187.374301675978,288.7750601363524,16396.0,13548.0,-1392.9966480446928,446.4807139764914,1564.0,-3160.0,-6194.131843575419,485.0782962729364,-5004.0,-8432.0,16475.6587430607,230739636.04022345,2139561.9575418998,38602307.34301676,316.0,462.0,690.0,0.0526122556709646,0.682818520233514,-0.2264448857651706,14093.322865554464,141.593488166621,15084.0,13064.0,-1838.1589793915605,319.2967503425467,-272.0,-4304.0,-8315.038272816486,212.69538228588056,-6348.0,-10676.0,16471.251592772565,198641778.4337586,3480678.798822375,69185056.40824337,138.0,352.0,196.0,0.3129366989473828,0.7427018626953659,-0.0260716910592322
17,15046.406722689077,3399.854465092774,27084.0,8920.0,-545.5327731092437,1597.4791573783623,4180.0,-6240.0,-6689.328851540617,1891.9606410399967,-2764.0,-16268.0,16605.90424012216,237946890.01232493,2848116.006722689,48324630.22072829,5048.0,2468.0,2776.0,-0.0459475210045668,-0.5980553889786487,0.0343186461834887,14093.322865554464,141.593488166621,15084.0,13064.0,-1838.1589793915605,319.2967503425467,-272.0,-4304.0,-8315.038272816486,212.69538228588056,-6348.0,-10676.0,16471.251592772565,198641778.4337586,3480678.798822375,69185056.40824337,138.0,352.0,196.0,0.3129366989473828,0.7427018626953659,-0.0260716910592322
19,11686.384105960266,388.5298729459338,12736.0,10696.0,833.8126773888363,164.70413933284743,1548.0,408.0,-11611.069063386944,383.6446972766135,-10468.0,-12612.0,16504.31681574074,136722386.1192053,722345.3699148534,134963968.8022706,732.0,212.0,712.0,0.0555146928237121,0.8907013977922451,0.0680852103616983,14809.31803696622,93.58029640215776,15536.0,14068.0,1523.0006373486297,103.46941096138278,1952.0,1140.0,-7148.038240917782,173.72793815585084,-6296.0,-7608.0,16515.95331665094,219324652.4104525,2330230.0369662205,51124612.854047164,136.0,136.0,244.0,-0.3016266199688736,0.7769092651791982,-0.1903079168773209
20,14307.614849187936,1011.0344699058973,17060.0,6936.0,1550.8631090487238,714.8589375780051,5028.0,-3292.0,-7949.062645011601,1237.340343232573,-6084.0,-17600.0,16524.88605167946,205728847.53596288,2915606.8491879352,64716831.944315545,148.0,320.0,239.0,-0.1663631194646188,0.8293275238853655,-0.373077755215255,14809.31803696622,93.58029640215776,15536.0,14068.0,1523.0006373486297,103.46941096138278,1952.0,1140.0,-7148.038240917782,173.72793815585084,-6296.0,-7608.0,16515.95331665094,219324652.4104525,2330230.0369662205,51124612.854047164,136.0,136.0,244.0,-0.3016266199688736,0.7769092651791982,-0.1903079168773209
21,13891.260825780464,2469.622893625972,30348.0,9740.0,-231.43001007049347,1909.3701308573648,5540.0,-5772.0,-8757.39577039275,1630.688783235635,-5356.0,-16912.0,16587.664052998174,199063093.550856,3697418.449144008,79349787.64149043,2606.0,3155.0,1823.0,-0.0611392009844571,-0.4789533220654924,-0.0220139089901262,14809.31803696622,93.58029640215776,15536.0,14068.0,1523.0006373486297,103.46941096138278,1952.0,1140.0,-7148.038240917782,173.72793815585084,-6296.0,-7608.0,16515.95331665094,219324652.4104525,2330230.0369662205,51124612.854047164,136.0,136.0,244.0,-0.3016266199688736,0.7769092651791982,-0.1903079168773209
23,16079.708520179372,148.94093849458804,17004.0,15224.0,1951.0313901345287,277.5722130711601,3028.0,1028.0,-3252.067264573991,469.8407256500632,-2012.0,-4460.0,16530.249256577907,258579184.6278027,3883483.443946188,10796444.322869956,184.0,305.0,513.0,-0.3636068075067585,0.6885868526617397,-0.236226733708339,14809.31803696622,93.58029640215776,15536.0,14068.0,1523.0006373486297,103.46941096138278,1952.0,1140.0,-7148.038240917782,173.72793815585084,-6296.0,-7608.0,16515.95331665094,219324652.4104525,2330230.0369662205,51124612.854047164,136.0,136.0,244.0,-0.3016266199688736,0.7769092651791982,-0.1903079168773209
24,14870.49416755037,2557.0443327393823,28792.0,11012.0,1773.1283138918343,1774.7930659736471,7544.0,-2740.0,-6862.305408271474,1249.2585862941355,-1012.0,-12280.0,16608.296765508374,227666605.65853655,6292204.30116649,48651055.04135737,2929.0,2946.0,1710.0,0.0192425323736942,-0.4251783962087692,-0.0787583620004674,14809.31803696622,93.58029640215776,15536.0,14068.0,1523.0006373486297,103.46941096138278,1952.0,1140.0,-7148.038240917782,173.72793815585084,-6296.0,-7608.0,16515.95331665094,219324652.4104525,2330230.0369662205,51124612.854047164,136.0,136.0,244.0,-0.3016266199688736,0.7769092651791982,-0.1903079168773209
25,10166.128676470587,158.40097358202553,10908.0,9232.0,1768.1470588235295,229.16474967507835,2708.0,824.0,-12918.551470588236,140.87686075661784,-12400.0,-13864.0,16536.467366702884,103375240.0735294,3178812.2352941176,166908800.1470588,169.0,284.0,160.0,0.153076828669132,0.6472285882314772,0.1865615528966707,14420.20669406929,149.3679422243225,15604.0,12876.0,233.74985320023487,233.20282805196743,1044.0,-552.0,-8032.561362301821,227.9134281929644,-5860.0,-8692.0,16511.863141496513,207964658.78097475,108990.61890780977,64573956.06811509,172.0,268.0,268.0,0.0264469359596655,0.8054821098403534,0.0307671670303617
26,12589.840112201964,364.7674065988375,13592.0,11132.0,374.6311360448808,314.6745955869918,1984.0,-944.0,-10658.49649368864,404.3557579539299,-9940.0,-12008.0,16511.632498801533,158636942.6984572,239229.7110799439,113766821.76718092,348.0,252.0,388.0,0.1019520435218556,0.9382983860610214,0.1367227402616921,14420.20669406929,149.3679422243225,15604.0,12876.0,233.74985320023487,233.20282805196743,1044.0,-552.0,-8032.561362301821,227.9134281929644,-5860.0,-8692.0,16511.863141496513,207964658.78097475,108990.61890780977,64573956.06811509,172.0,268.0,268.0,0.0264469359596655,0.8054821098403534,0.0307671670303617
27,12980.31686859273,2282.3024117358077,25140.0,8320.0,545.5097856477166,1262.3480523474905,5108.0,-2544.0,-10114.920782851816,1517.4642491893735,-6748.0,-15844.0,16551.174490805963,173695103.04566637,1890360.976700839,104613247.1724138,2048.0,2120.0,2315.0,-0.1281359703946937,-0.5798831825523186,-0.0392738869568547,14420.20669406929,149.3679422243225,15604.0,12876.0,233.74985320023487,233.20282805196743,1044.0,-552.0,-8032.561362301821,227.9134281929644,-5860.0,-8692.0,16511.863141496513,207964658.78097475,108990.61890780977,64573956.06811509,172.0,268.0,268.0,0.0264469359596655,0.8054821098403534,0.0307671670303617
29,15616.840496657116,112.17180026761768,15992.0,15288.0,139.93123209169053,154.97983292200965,620.0,-328.0,-5356.416427889208,286.88198257945754,-4384.0,-5876.0,16514.00556584521,243898277.5931232,43576.55778414517,28773419.614135627,132.0,216.0,296.0,-0.3698584374878634,0.8624665244854236,-0.4304248173360879,14420.20669406929,149.3679422243225,15604.0,12876.0,233.74985320023487,233.20282805196743,1044.0,-552.0,-8032.561362301821,227.9134281929644,-5860.0,-8692.0,16511.863141496513,207964658.78097475,108990.61890780977,64573956.06811509,172.0,268.0,268.0,0.0264469359596655,0.8054821098403534,0.0307671670303617
30,14961.378217821784,3077.4820119617734,27492.0,9968.0,-242.780198019802,1431.9533534105417,4964.0,-4300.0,-7029.7089108910895,1576.7486682954805,-3732.0,-12992.0,16646.27822159201,233309045.14851484,2108417.536633664,51901712.974257424,3017.0,2245.0,2315.0,-0.0335583113900286,-0.4268688933927044,0.0923009193881257,14420.20669406929,149.3679422243225,15604.0,12876.0,233.74985320023487,233.20282805196743,1044.0,-552.0,-8032.561362301821,227.9134281929644,-5860.0,-8692.0,16511.863141496513,207964658.78097475,108990.61890780977,64573956.06811509,172.0,268.0,268.0,0.0264469359596655,0.8054821098403534,0.0307671670303617
31,12623.527777777776,2511.2472045282934,17972.0,2672.0,-1611.1979166666667,435.5624691486202,728.0,-4028.0,-9478.829861111111,4147.475720902527,0.0,-19308.0,16591.35724573411,165654341.80555555,2785508.708333333,107034838.4861111,4041.0,397.0,5099.0,-0.2372841642235638,0.9123346394284436,-0.2044774075309073,14805.028724114896,132.93325836569886,15640.0,13432.0,580.8363393453574,127.02240134431068,1264.0,-208.0,-7333.464261857048,230.84956779949732,-5840.0,-9576.0,16534.48270234904,219206534.96860388,353494.76553106215,53832954.00400802,108.0,136.0,204.0,0.1790685986725549,0.8466838819623922,0.1891696059231657
32,16341.840924541128,199.75951319814004,17224.0,14352.0,-720.5547246770905,273.0110402998775,852.0,-2332.0,-2312.747790618627,862.2593298964149,-28.0,-5772.0,16545.921881298007,267095641.53908905,593683.4697484705,6091788.062542488,216.0,336.0,1308.0,0.2417722429396091,0.7793695907433197,0.29170546926397,14805.028724114896,132.93325836569886,15640.0,13432.0,580.8363393453574,127.02240134431068,1264.0,-208.0,-7333.464261857048,230.84956779949732,-5840.0,-9576.0,16534.48270234904,219206534.96860388,353494.76553106215,53832954.00400802,108.0,136.0,204.0,0.1790685986725549,0.8466838819623922,0.1891696059231657
33,16086.297182349814,4071.561630778961,32767.0,4912.0,-1124.4572036150985,2154.186235109334,6840.0,-10944.0,-3597.267410951621,3246.9979551078586,0.0,-19604.0,16956.19471559743,275337757.9601276,5902455.289739501,23477723.5513025,4360.0,2988.0,3964.0,-0.1510667535399244,-0.1013179525000891,0.1056072345337706,14805.028724114896,132.93325836569886,15640.0,13432.0,580.8363393453574,127.02240134431068,1264.0,-208.0,-7333.464261857048,230.84956779949732,-5840.0,-9576.0,16534.48270234904,219206534.96860388,353494.76553106215,53832954.00400802,108.0,136.0,204.0,0.1790685986725549,0.8466838819623922,0.1891696059231657
35,16426.271604938273,107.58008023858122,17004.0,15656.0,277.37345679012344,211.4076726414413,2096.0,-312.0,-1767.0277777777778,598.9982519102246,-4.0,-3952.0,16535.73158534163,269833963.38271606,121594.75308641976,3480909.222222222,105.0,240.0,720.0,-0.1733158460540066,0.6699433534109784,-0.2334959262088237,14805.028724114896,132.93325836569886,15640.0,13432.0,580.8363393453574,127.02240134431068,1264.0,-208.0,-7333.464261857048,230.84956779949732,-5840.0,-9576.0,16534.48270234904,219206534.96860388,353494.76553106215,53832954.00400802,108.0,136.0,204.0,0.1790685986725549,0.8466838819623922,0.1891696059231657
36,15820.581242532857,4145.501802139607,32767.0,7660.0,702.0023894862604,2377.3277588831243,9980.0,-11884.0,-4138.702508960573,2683.950406532827,-4.0,-15204.0,16689.698914911125,267465710.10215053,6141118.470728793,24328145.02270012,4144.0,3021.0,3341.0,0.0035371537897463,-0.28694213692573,-0.0267652721160839,14805.028724114896,132.93325836569886,15640.0,13432.0,580.8363393453574,127.02240134431068,1264.0,-208.0,-7333.464261857048,230.84956779949732,-5840.0,-9576.0,16534.48270234904,219206534.96860388,353494.76553106215,53832954.00400802,108.0,136.0,204.0,0.1790685986725549,0.8466838819623922,0.1891696059231657
37,10445.846419327008,696.1054060438838,12772.0,7928.0,-326.93011216566003,306.6953748752158,956.0,-1328.0,-12768.013805004312,543.9308600047999,-11064.0,-14768.0,16525.791080750976,109599852.06557377,200864.1932700604,163317782.03278688,1076.0,516.0,866.0,0.3323577624569857,0.9545600267700954,0.3213327242203105,15992.340828402366,152.4421517839503,16772.0,14752.0,-16.74319526627219,305.71135977004275,708.0,-3388.0,-4125.644970414201,409.5162990170186,-2580.0,-5852.0,16524.235213783326,255778190.03076923,93684.46863905326,17188550.78816568,168.0,244.0,407.0,-0.0471703194978781,0.7264192032375645,-0.252964027916679
38,13597.257976298995,591.4722507024417,15304.0,9784.0,-58.50136736554239,1072.1935154312391,4000.0,-3956.0,-9299.671832269829,635.3007290215177,-7768.0,-13308.0,16528.03836470835,185234944.9917958,1151973.3965360073,86887135.2853236,452.0,1180.0,616.0,0.0008699820486355,0.7401926511924071,-0.0115761626700954,15992.340828402366,152.4421517839503,16772.0,14752.0,-16.74319526627219,305.71135977004275,708.0,-3388.0,-4125.644970414201,409.5162990170186,-2580.0,-5852.0,16524.235213783326,255778190.03076923,93684.46863905326,17188550.78816568,168.0,244.0,407.0,-0.0471703194978781,0.7264192032375645,-0.252964027916679
41,14107.949232585595,1927.3127186283305,21672.0,5.0,564.482880755608,1223.3495522828505,3284.0,-3348.0,-8546.685950413223,1326.8581611247205,5.0,-13488.0,16578.964966021947,202744380.3459268,1813458.126328217,74804314.74025974,1614.0,2084.0,1640.0,0.0568438826700345,-0.5712580997407481,0.010907601403852,15992.340828402366,152.4421517839503,16772.0,14752.0,-16.74319526627219,305.71135977004275,708.0,-3388.0,-4125.644970414201,409.5162990170186,-2580.0,-5852.0,16524.235213783326,255778190.03076923,93684.46863905326,17188550.78816568,168.0,244.0,407.0,-0.0471703194978781,0.7264192032375645,-0.252964027916679
43,16340.95202257761,194.14886573223745,17244.0,15256.0,-577.170272812794,604.7861586725222,1152.0,-3284.0,-2221.7046095954843,497.9460631205203,-308.0,-3748.0,16520.287564058177,267064371.3264346,698547.7328316086,5183688.398871119,184.0,638.0,568.0,0.1686946425771749,0.4887557301659057,-0.0333180346591074,15992.340828402366,152.4421517839503,16772.0,14752.0,-16.74319526627219,305.71135977004275,708.0,-3388.0,-4125.644970414201,409.5162990170186,-2580.0,-5852.0,16524.235213783326,255778190.03076923,93684.46863905326,17188550.78816568,168.0,244.0,407.0,-0.0471703194978781,0.7264192032375645,-0.252964027916679
44,16128.521235521235,2331.213285842736,26956.0,10912.0,-987.5250965250964,1284.2189913433942,2648.0,-4420.0,-3210.3088803088804,1010.7853459621798,356.0,-8100.0,16549.741654109326,265558506.9189189,2622832.3243243243,11326783.938223938,2139.0,2036.0,1340.0,-0.0816425646170929,-0.3559167377221824,0.068765244644611,15992.340828402366,152.4421517839503,16772.0,14752.0,-16.74319526627219,305.71135977004275,708.0,-3388.0,-4125.644970414201,409.5162990170186,-2580.0,-5852.0,16524.235213783326,255778190.03076923,93684.46863905326,17188550.78816568,168.0,244.0,407.0,-0.0471703194978781,0.7264192032375645,-0.252964027916679
46,13205.2304964539,400.53107546511626,14676.0,11780.0,1514.7198581560283,283.75147846326803,2572.0,604.0,-9759.216312056738,476.2463533808182,-8700.0,-11568.0,16503.763162863106,174538466.4964539,2374855.460992908,95469013.07801418,684.0,396.0,828.0,-0.6057962728480321,0.957013764304024,-0.5833042294586547,14679.06778242678,261.31753866656896,15616.0,11956.0,-573.4242677824268,549.7045227049915,6672.0,-1628.0,-7452.928870292887,388.90384313865536,-5916.0,-10972.0,16488.27760126569,215543289.2451883,630864.020083682,55697331.66192468,176.0,160.0,279.0,-0.4456561957957569,0.8759626367915465,-0.2199712260904944
47,13554.25422483468,410.9730025824368,14220.0,11024.0,2042.3247612049963,557.1850392661491,5596.0,1176.0,-9157.228508449669,418.61007577411857,-8376.0,-11196.0,16504.209094746533,183886582.3012491,4481317.490080823,84029939.59735489,384.0,412.0,492.0,-0.7888851713547398,0.9315668240670228,-0.6790333228150689,14679.06778242678,261.31753866656896,15616.0,11956.0,-573.4242677824268,549.7045227049915,6672.0,-1628.0,-7452.928870292887,388.90384313865536,-5916.0,-10972.0,16488.27760126569,215543289.2451883,630864.020083682,55697331.66192468,176.0,160.0,279.0,-0.4456561957957569,0.8759626367915465,-0.2199712260904944
48,13648.803088803088,1366.1811158892515,19940.0,9916.0,1396.4571428571428,1550.6653189866795,5084.0,-3444.0,-9104.30888030888,1087.8396115415435,-5288.0,-13504.0,16578.591849643515,188154835.32355213,4352798.677992278,84070921.38996139,1220.0,2444.0,1542.0,-0.0727113307805606,-0.1001157131746208,0.0850871608797866,14679.06778242678,261.31753866656896,15616.0,11956.0,-573.4242677824268,549.7045227049915,6672.0,-1628.0,-7452.928870292887,388.90384313865536,-5916.0,-10972.0,16488.27760126569,215543289.2451883,630864.020083682,55697331.66192468,176.0,160.0,279.0,-0.4456561957957569,0.8759626367915465,-0.2199712260904944
50,15665.315002988644,192.59823037959,16672.0,14412.0,-554.5630603705918,568.8868935086654,1804.0,-2908.0,-5068.9444112372985,371.59065479504267,-4072.0,-7456.0,16489.075416365682,245439166.04901373,630979.0412432755,25832194.52480574,208.0,476.0,464.0,0.2776386688983504,0.7737727413135589,0.1433373749513041,14679.06778242678,261.31753866656896,15616.0,11956.0,-573.4242677824268,549.7045227049915,6672.0,-1628.0,-7452.928870292887,388.90384313865536,-5916.0,-10972.0,16488.27760126569,215543289.2451883,630864.020083682,55697331.66192468,176.0,160.0,279.0,-0.4456561957957569,0.8759626367915465,-0.2199712260904944
51,15573.65780730897,1601.0383670860726,25012.0,12548.0,-624.5581395348837,1586.4285796549434,2772.0,-7056.0,-5293.063122923588,1111.6660301528188,-324.0,-9876.0,16574.787524824023,245100012.34551492,2904738.1794019933,29251292.17275748,1577.0,2729.0,1565.0,-0.0770835669565906,-0.0841776295721017,-0.0419046024320073,14679.06778242678,261.31753866656896,15616.0,11956.0,-573.4242677824268,549.7045227049915,6672.0,-1628.0,-7452.928870292887,388.90384313865536,-5916.0,-10972.0,16488.27760126569,215543289.2451883,630864.020083682,55697331.66192468,176.0,160.0,279.0,-0.4456561957957569,0.8759626367915465,-0.2199712260904944
52,8909.441975308642,478.6040834481556,10952.0,6328.0,1365.7283950617284,527.987503418662,4068.0,-1512.0,-13861.71851851852,342.16056022982974,-12160.0,-15144.0,16552.732322851698,79606935.38765432,2143640.6913580247,192264169.6,376.0,614.0,256.0,0.2379354320094354,0.862141384003034,0.2490888663575537,16438.13660245184,174.798872001371,17236.0,14888.0,-1197.555166374781,327.1614808509729,2232.0,-2916.0,147.9054290718039,753.5600425725275,4004.0,-5860.0,16503.062134973952,270242862.85113835,1541079.285464098,589231.5096322242,92.0,152.0,447.0,0.3541366382916027,0.3546580085266894,0.1547334766951145
53,12191.952380952382,417.6773426142241,13392.0,9632.0,1555.098901098901,542.5246422604571,4572.0,-1288.0,-11051.71794871795,393.42481421971496,-9848.0,-13232.0,16546.881265463864,148817997.46520147,2712396.043956044,122295110.95970696,424.0,408.0,465.0,-0.2785195190971485,0.8313037818548481,-0.1390488393977164,16438.13660245184,174.798872001371,17236.0,14888.0,-1197.555166374781,327.1614808509729,2232.0,-2916.0,147.9054290718039,753.5600425725275,4004.0,-5860.0,16503.062134973952,270242862.85113835,1541079.285464098,589231.5096322242,92.0,152.0,447.0,0.3541366382916027,0.3546580085266894,0.1547334766951145
54,12269.933876377576,2831.563041052239,26448.0,332.0,986.3747005270724,1774.9741957240342,17476.0,-15024.0,-10952.233828461907,2542.8033825158573,-3844.0,-28388.0,16692.13879123392,158565184.82798275,4121958.846190705,126414176.72065166,2656.0,2198.0,3176.0,0.1597273735207444,-0.4056365785602045,0.0486769543282343,16438.13660245184,174.798872001371,17236.0,14888.0,-1197.555166374781,327.1614808509729,2232.0,-2916.0,147.9054290718039,753.5600425725275,4004.0,-5860.0,16503.062134973952,270242862.85113835,1541079.285464098,589231.5096322242,92.0,152.0,447.0,0.3541366382916027,0.3546580085266894,0.1547334766951145
56,16137.980506822612,247.3584704103509,18240.0,14600.0,-2767.8830409356724,570.754777659071,236.0,-6316.0,-1616.1507472384665,510.88056074930194,532.0,-4420.0,16471.712902063056,260495561.294347,7986725.87394412,2872772.5951916827,128.0,344.0,466.0,0.4943368707511099,0.4509884419648705,0.2409285642913082,16438.13660245184,174.798872001371,17236.0,14888.0,-1197.555166374781,327.1614808509729,2232.0,-2916.0,147.9054290718039,753.5600425725275,4004.0,-5860.0,16503.062134973952,270242862.85113835,1541079.285464098,589231.5096322242,92.0,152.0,447.0,0.3541366382916027,0.3546580085266894,0.1547334766951145
57,15713.469230769231,3092.2001399719466,28528.0,10836.0,-1850.0057692307687,1508.9752888252067,4512.0,-6748.0,-4728.340384615384,1568.7898245820606,3480.0,-14036.0,16637.85780821351,256470220.0,5698433.053846153,24817121.084615383,3052.0,1969.0,1925.0,-0.2114650707867678,-0.3177761230632652,0.2653112360218779,16438.13660245184,174.798872001371,17236.0,14888.0,-1197.555166374781,327.1614808509729,2232.0,-2916.0,147.9054290718039,753.5600425725275,4004.0,-5860.0,16503.062134973952,270242862.85113835,1541079.285464098,589231.5096322242,92.0,152.0,447.0,0.3541366382916027,0.3546580085266894,0.1547334766951145
70,10854.546867411364,428.238839331281,15968.0,6020.0,308.3691112190384,669.7950455544641,4824.0,-8452.0,-12480.36911121904,434.59679573899854,-5564.0,-15416.0,16566.69122061598,118004487.13356,543499.0267119961,155948395.7960175,260.0,272.0,234.0,-0.3584697565310497,0.7512215652734612,-0.490608525967279,11517.746202841745,848.9266950654037,13588.0,10092.0,643.7295443410093,431.8871917824421,2648.0,-1068.0,-11784.96423321901,886.81321241856,-9452.0,-13160.0,16542.073020825028,133378801.02694756,600822.882900539,139671434.3321901,1608.0,552.0,1584.0,0.6293167588742955,0.9834081643798837,0.6570048837181724
71,13224.002706359946,361.8666568109865,14420.0,11060.0,-582.0405953991881,245.5430161061004,404.0,-1904.0,-9866.17050067659,470.87055824586383,-8432.0,-11920.0,16521.53368683577,175005106.45737484,399021.8349120433,97562889.41813262,288.0,268.0,364.0,0.3395414684173578,0.9582366123635708,0.2964373735734177,11517.746202841745,848.9266950654037,13588.0,10092.0,643.7295443410093,431.8871917824421,2648.0,-1068.0,-11784.96423321901,886.81321241856,-9452.0,-13160.0,16542.073020825028,133378801.02694756,600822.882900539,139671434.3321901,1608.0,552.0,1584.0,0.6293167588742955,0.9834081643798837,0.6570048837181724
72,12169.461426491996,3409.7598650025548,30724.0,-668.0,-655.6098981077147,2366.889626505074,6596.0,-10540.0,-11005.494420184375,2776.7217051336124,-4540.0,-22580.0,16764.482603454537,159716612.5725376,6029272.663755459,128827349.86899564,3176.0,3904.0,3288.0,-0.1045673790494033,-0.3202990630131171,0.0841802145679304,11517.746202841745,848.9266950654037,13588.0,10092.0,643.7295443410093,431.8871917824421,2648.0,-1068.0,-11784.96423321901,886.81321241856,-9452.0,-13160.0,16542.073020825028,133378801.02694756,600822.882900539,139671434.3321901,1608.0,552.0,1584.0,0.6293167588742955,0.9834081643798837,0.6570048837181724
76,14438.435185185184,393.7370408115699,16772.0,12716.0,1318.812962962963,853.5405303667253,5768.0,-4396.0,-7857.133333333333,575.0755834085641,-5704.0,-9700.0,16526.72328421424,208623367.68148148,2467461.7851851853,62065103.03703704,568.0,912.0,892.0,-0.4304588423045306,0.8564278792647522,-0.4327520898043031,11517.746202841745,848.9266950654037,13588.0,10092.0,643.7295443410093,431.8871917824421,2648.0,-1068.0,-11784.96423321901,886.81321241856,-9452.0,-13160.0,16542.073020825028,133378801.02694756,600822.882900539,139671434.3321901,1608.0,552.0,1584.0,0.6293167588742955,0.9834081643798837,0.6570048837181724
78,14744.596361848577,3393.8909266567216,32767.0,6688.0,-375.2684365781711,2297.470008607162,8380.0,-11412.0,-7332.324483775811,2520.148906218318,7196.0,-23320.0,16745.7780680186,228915954.5186824,5416599.771878073,60111010.35201573,3184.0,3699.0,2490.0,-0.0612213752695426,-0.3290528791819592,0.0690932464382421,11517.746202841745,848.9266950654037,13588.0,10092.0,643.7295443410093,431.8871917824421,2648.0,-1068.0,-11784.96423321901,886.81321241856,-9452.0,-13160.0,16542.073020825028,133378801.02694756,600822.882900539,139671434.3321901,1608.0,552.0,1584.0,0.6293167588742955,0.9834081643798837,0.6570048837181724
67,7206.951126221845,1281.8208435293343,14748.0,2780.0,1856.972375690608,1036.9877588026975,5436.0,-3288.0,-14714.954526136846,778.2153849875058,-8428.0,-18064.0,16588.248057858986,53582510.92562686,4523233.006374841,217135248.5099873,2100.0,1676.0,1112.0,0.4443881408653715,0.8977423405048482,0.4890020388369881,12477.85487000388,315.35080394732745,13696.0,11828.0,-200.0838183934808,384.5298724226952,804.0,-2392.0,-10842.089251067133,406.1180791408685,-8992.0,-11560.0,16543.73123675091,155796269.69654638,187839.37912301123,117715767.2207994,232.0,320.0,268.0,-0.5268299270632276,0.9571014944284646,-0.600609100438136
68,14278.101886792452,759.3949387212041,18596.0,7492.0,637.2547169811321,1150.616554350437,4964.0,-6532.0,-8122.433962264151,1052.46545147466,-1084.0,-13148.0,16526.742403066284,204440602.14339623,1729387.5396226414,67081094.50566038,773.0,890.0,1250.0,0.0095076163912744,0.7991918991515983,0.0526262350786923,12477.85487000388,315.35080394732745,13696.0,11828.0,-200.0838183934808,384.5298724226952,804.0,-2392.0,-10842.089251067133,406.1180791408685,-8992.0,-11560.0,16543.73123675091,155796269.69654638,187839.37912301123,117715767.2207994,232.0,320.0,268.0,-0.5268299270632276,0.9571014944284646,-0.600609100438136
69,14913.953596287703,2497.102645839864,27188.0,9032.0,825.3967517401392,1335.075270212243,4824.0,-3900.0,-7002.334106728538,1679.1874230113826,1396.0,-13360.0,16614.01570384641,228654299.712297,2461637.995359629,51849082.26450116,2826.0,1864.0,2196.0,0.1285222702489696,-0.4119508648893499,0.049446875685002,12477.85487000388,315.35080394732745,13696.0,11828.0,-200.0838183934808,384.5298724226952,804.0,-2392.0,-10842.089251067133,406.1180791408685,-8992.0,-11560.0,16543.73123675091,155796269.69654638,187839.37912301123,117715767.2207994,232.0,320.0,268.0,-0.5268299270632276,0.9571014944284646,-0.600609100438136
80,15592.250122369063,3400.753977958864,32767.0,7104.0,795.8492413117964,1493.9545221930807,6728.0,-6516.0,-4946.347528144885,2764.031686536847,10656.0,-18432.0,16632.641350288406,254677730.64170337,2864183.667156143,32102485.497797355,3712.0,1960.0,2842.0,0.0938644599677554,-0.2577380070080032,0.0678444177745293,12477.85487000388,315.35080394732745,13696.0,11828.0,-200.0838183934808,384.5298724226952,804.0,-2392.0,-10842.089251067133,406.1180791408685,-8992.0,-11560.0,16543.73123675091,155796269.69654638,187839.37912301123,117715767.2207994,232.0,320.0,268.0,-0.5268299270632276,0.9571014944284646,-0.600609100438136
83,15627.994691439946,308.2039992457656,18348.0,13456.0,-1301.3855341738554,679.3051303813672,3568.0,-3260.0,-5041.082946250829,711.0876583023975,-3224.0,-7760.0,16503.247933410814,244329144.74850696,2154753.560716656,25917827.397478435,316.0,460.0,940.0,-0.3096380674960527,0.6787388679151957,-0.502642106328016,12477.85487000388,315.35080394732745,13696.0,11828.0,-200.0838183934808,384.5298724226952,804.0,-2392.0,-10842.089251067133,406.1180791408685,-8992.0,-11560.0,16543.73123675091,155796269.69654638,187839.37912301123,117715767.2207994,232.0,320.0,268.0,-0.5268299270632276,0.9571014944284646,-0.600609100438136
84,15024.22972972973,3394.447086790075,32767.0,600.0,-1528.9294660514172,1869.510013622252,7236.0,-16400.0,-6485.379037574159,1757.8414653335165,-140.0,-15688.0,16589.024648870203,237245952.2804878,5831541.036255768,45149129.41858933,2987.0,2332.0,2020.0,-0.1714681207112463,-0.528907631576661,0.1658972253971867,12477.85487000388,315.35080394732745,13696.0,11828.0,-200.0838183934808,384.5298724226952,804.0,-2392.0,-10842.089251067133,406.1180791408685,-8992.0,-11560.0,16543.73123675091,155796269.69654638,187839.37912301123,117715767.2207994,232.0,320.0,268.0,-0.5268299270632276,0.9571014944284646,-0.600609100438136
87,5791.00320855615,733.4376726616738,9540.0,3288.0,-529.6491978609625,1649.624841484414,3092.0,-5464.0,-15401.319786096255,274.664340865986,-13328.0,-16528.0,16562.83840041698,34073361.31764706,3000335.170053476,237276051.31122997,744.0,1172.0,244.0,0.5965359042983938,0.5046858063267877,-0.1530582795977204,13866.16,364.02822823431023,15144.0,11460.0,645.6391836734693,302.3389163678688,2408.0,-768.0,-8927.175510204082,527.3789293561834,-6840.0,-12204.0,16518.899334611786,192402855.60816327,508221.46612244897,79972477.6032653,459.0,376.0,700.0,0.37899206768169,0.9456712583410614,0.4012074313193459
88,13408.565217391304,415.8161914953304,15712.0,11168.0,-142.7270531400966,995.0426065747664,2760.0,-2948.0,-9595.282608695652,594.8638960529344,-6220.0,-11740.0,16533.807863708727,179962419.88405797,1009882.9082125603,92423097.71014492,481.0,1829.0,745.0,-0.1279923023401269,0.8658847455581512,-0.2603070677472709,13866.16,364.02822823431023,15144.0,11460.0,645.6391836734693,302.3389163678688,2408.0,-768.0,-8927.175510204082,527.3789293561834,-6840.0,-12204.0,16518.899334611786,192402855.60816327,508221.46612244897,79972477.6032653,459.0,376.0,700.0,0.37899206768169,0.9456712583410614,0.4012074313193459
93,12671.4363541121,2115.9649252141216,29944.0,5392.0,-112.76689366160294,1777.0464503265755,7620.0,-7476.0,-10481.540073336826,2735.712901943044,-3608.0,-21456.0,16683.772169504762,165040261.47302252,3168956.245154531,117342886.94814038,2256.0,2200.0,3140.0,0.0144904638803272,-0.1821728786131299,-0.0547965451210817,13866.16,364.02822823431023,15144.0,11460.0,645.6391836734693,302.3389163678688,2408.0,-768.0,-8927.175510204082,527.3789293561834,-6840.0,-12204.0,16518.899334611786,192402855.60816327,508221.46612244897,79972477.6032653,459.0,376.0,700.0,0.37899206768169,0.9456712583410614,0.4012074313193459
95,14332.621784345922,1757.8436353243362,18748.0,4540.0,-241.0421455938697,1677.9664581558054,5536.0,-11268.0,-7631.695675971538,1692.900804554492,-1980.0,-16352.0,16500.68096634445,208512370.15435135,2872131.660645868,61107123.38040504,668.0,320.0,1378.0,0.7430497625631722,0.8655338355956587,0.5270414095626178,13866.16,364.02822823431023,15144.0,11460.0,645.6391836734693,302.3389163678688,2408.0,-768.0,-8927.175510204082,527.3789293561834,-6840.0,-12204.0,16518.899334611786,192402855.60816327,508221.46612244897,79972477.6032653,459.0,376.0,700.0,0.37899206768169,0.9456712583410614,0.4012074313193459
96,14319.472295514512,2476.1404736709446,27704.0,6692.0,-79.4976253298153,1654.486808226407,7712.0,-8040.0,-8133.260158311346,2286.864271848555,-2504.0,-17832.0,16599.84992771145,211175322.96781003,2742201.9715039576,71376909.23905014,2986.0,2162.0,3204.0,-0.0254146628309088,-0.715205097216263,-0.0259458112713342,13866.16,364.02822823431023,15144.0,11460.0,645.6391836734693,302.3389163678688,2408.0,-768.0,-8927.175510204082,527.3789293561834,-6840.0,-12204.0,16518.899334611786,192402855.60816327,508221.46612244897,79972477.6032653,459.0,376.0,700.0,0.37899206768169,0.9456712583410614,0.4012074313193459
97,6439.274376417234,1377.5608805785994,10512.0,1388.0,178.7403628117914,894.0401454817419,5304.0,-3676.0,-15176.23015873016,588.842518432858,-12496.0,-16900.0,16578.405023361604,43361390.58503401,831029.3378684807,230664599.0612245,938.0,508.0,448.0,-0.0588060419949407,0.932971356313686,-0.0721654730247378,11154.083876009376,501.3419077234547,14076.0,8504.0,-474.94868455326906,835.8604814020625,1812.0,-3500.0,-12125.77337848398,480.6162859168411,-8684.0,-14352.0,16518.07354537472,124664865.35035166,924057.0065121126,147265311.8707997,444.0,1700.0,476.0,-0.206695999150077,0.9539858448347128,-0.3157392636858084
98,13299.096859213703,548.0537024628061,15928.0,10916.0,-2975.26553920492,1792.7941358951823,6816.0,-6368.0,-9113.435537008563,399.0818178074565,-7708.0,-11644.0,16505.494926980125,177166274.16121238,12065609.909949483,83213938.60399736,524.0,2272.0,472.0,0.7131778080135065,0.7402189966035834,0.2658324115299664,11154.083876009376,501.3419077234547,14076.0,8504.0,-474.94868455326906,835.8604814020625,1812.0,-3500.0,-12125.77337848398,480.6162859168411,-8684.0,-14352.0,16518.07354537472,124664865.35035166,924057.0065121126,147265311.8707997,444.0,1700.0,476.0,-0.206695999150077,0.9539858448347128,-0.3157392636858084
99,12588.155436130632,1823.552747879651,22800.0,7992.0,305.9776767259198,2256.047607383364,5548.0,-7356.0,-10560.975609756097,1959.024166014218,-4076.0,-18296.0,16651.134867637185,161785627.23108724,5181269.073170732,115370394.9995866,1678.0,4030.0,2752.0,0.0314561367060405,-0.4398194560658722,-0.1174437356245776,11154.083876009376,501.3419077234547,14076.0,8504.0,-474.94868455326906,835.8604814020625,1812.0,-3500.0,-12125.77337848398,480.6162859168411,-8684.0,-14352.0,16518.07354537472,124664865.35035166,924057.0065121126,147265311.8707997,444.0,1700.0,476.0,-0.206695999150077,0.9539858448347128,-0.3157392636858084
102,14807.870820234351,455.6126134331294,16840.0,12204.0,322.76650471563306,1652.9284472576765,5200.0,-5936.0,-6996.777364961417,641.6366004481681,-5008.0,-10544.0,16481.49108395517,219480561.75593027,2835569.824521292,49366473.36038868,502.0,1992.0,896.0,0.3284545965716278,0.8046389220083866,0.3158783403579681,11154.083876009376,501.3419077234547,14076.0,8504.0,-474.94868455326906,835.8604814020625,1812.0,-3500.0,-12125.77337848398,480.6162859168411,-8684.0,-14352.0,16518.07354537472,124664865.35035166,924057.0065121126,147265311.8707997,444.0,1700.0,476.0,-0.206695999150077,0.9539858448347128,-0.3157392636858084
103,14448.421143102709,2554.5685088175555,28996.0,9592.0,-77.13107004727117,2215.911064670194,5752.0,-6584.0,-7850.918779544478,1909.4222649586336,-4484.0,-14440.0,16656.71989979101,215279889.4026644,4914100.923076923,65281252.2905028,2614.0,3940.0,3084.0,0.0520409371426114,-0.4983601942288784,-0.086902665018667,11154.083876009376,501.3419077234547,14076.0,8504.0,-474.94868455326906,835.8604814020625,1812.0,-3500.0,-12125.77337848398,480.6162859168411,-8684.0,-14352.0,16518.07354537472,124664865.35035166,924057.0065121126,147265311.8707997,444.0,1700.0,476.0,-0.206695999150077,0.9539858448347128,-0.3157392636858084
150,11723.146779303062,238.6529519657431,13672.0,10404.0,1217.7064413938754,161.20862312479218,1876.0,592.0,-11658.81731784583,236.831531297194,-9776.0,-12400.0,16582.18220199501,137489095.5691658,1508783.4762407602,135984080.81098205,336.0,212.0,344.0,0.4117855335848254,0.7702529593953088,0.4093552405033124,14292.945851962246,149.63073018745865,14936.0,13956.0,101.72478887232984,119.57298845936334,736.0,-292.0,-8285.78042722305,251.73552950176745,-7304.0,-8872.0,16524.20779507223,204310679.36015895,24638.52955787382,68717496.58420268,224.0,164.0,372.0,0.0870089139693903,0.8967996827864055,0.125626624435265
151,12760.419410745231,458.7529023401011,13856.0,9232.0,1907.221837088388,277.95802137536015,2720.0,384.0,-10362.246100519931,555.0334987625101,-8768.0,-13772.0,16566.013656720595,163038666.57885614,3714722.322357019,107684072.95667244,508.0,336.0,656.0,0.8489622459928848,0.969136522739967,0.8765726603458456,14292.945851962246,149.63073018745865,14936.0,13956.0,101.72478887232984,119.57298845936334,736.0,-292.0,-8285.78042722305,251.73552950176745,-7304.0,-8872.0,16524.20779507223,204310679.36015895,24638.52955787382,68717496.58420268,224.0,164.0,372.0,0.0870089139693903,0.8967996827864055,0.125626624435265
152,12039.774332061068,2816.162338550242,32767.0,6028.0,1802.606870229008,1196.8060142849706,7564.0,-2668.0,-11268.326335877862,1799.5658920689664,-4996.0,-21992.0,16744.909707670737,152883152.51956108,4681052.79389313,130212070.7557252,1817.0,1401.0,1788.0,0.4130689988848628,-0.1540317259133284,0.0286503702250009,14292.945851962246,149.63073018745865,14936.0,13956.0,101.72478887232984,119.57298845936334,736.0,-292.0,-8285.78042722305,251.73552950176745,-7304.0,-8872.0,16524.20779507223,204310679.36015895,24638.52955787382,68717496.58420268,224.0,164.0,372.0,0.0870089139693903,0.8967996827864055,0.125626624435265
154,16057.18691588785,78.09727962083241,16732.0,15304.0,854.4859813084112,162.9056492410952,1532.0,-172.0,-3665.073431241656,194.75785388817445,-2504.0,-4896.0,16494.343091306266,257839348.8010681,756675.6849132177,13470681.217623498,84.0,196.0,236.0,-0.0731019050989715,0.6508058017417951,-0.0409391002236587,14292.945851962246,149.63073018745865,14936.0,13956.0,101.72478887232984,119.57298845936334,736.0,-292.0,-8285.78042722305,251.73552950176745,-7304.0,-8872.0,16524.20779507223,204310679.36015895,24638.52955787382,68717496.58420268,224.0,164.0,372.0,0.0870089139693903,0.8967996827864055,0.125626624435265
155,15942.976486860303,2273.8836979634307,32767.0,10412.0,871.8450899031811,1080.3699678835528,5592.0,-4572.0,-4018.725680036883,1341.5980031022232,9180.0,-13632.0,16552.25674424006,259346662.4933149,1926775.000461042,17949211.470723838,1752.0,1364.0,1164.0,-0.0070720109198418,0.0911376883868309,0.0569585963754474,14292.945851962246,149.63073018745865,14936.0,13956.0,101.72478887232984,119.57298845936334,736.0,-292.0,-8285.78042722305,251.73552950176745,-7304.0,-8872.0,16524.20779507223,204310679.36015895,24638.52955787382,68717496.58420268,224.0,164.0,372.0,0.0870089139693903,0.8967996827864055,0.125626624435265
159,4232.158838599487,1636.6429614358394,7992.0,1864.0,-344.5755764304014,336.9035724643539,1152.0,-1484.0,-15929.772843723313,550.0077088321722,-14440.0,-17268.0,16579.159091620862,20588624.89496157,232187.8804440649,254060042.1656704,1456.0,500.0,404.0,-0.4995654433015615,0.9679621185364686,-0.505165134576446,13283.922739244952,322.0022684244496,15792.0,12336.0,-710.3143107989464,163.10322710989456,656.0,-1604.0,-9735.863037752417,477.78437062838447,-5528.0,-10932.0,16495.65889527137,176566243.28709394,531137.4047410008,95015206.78489904,380.0,172.0,508.0,0.2932104385243637,0.951226194363622,0.2543820729018856
160,13250.76465116279,361.5784968994189,14628.0,12048.0,1626.603410852713,836.2267696170077,3740.0,-2172.0,-9711.523720930232,470.0954355206134,-8328.0,-10960.0,16540.3863759117,175713462.31069767,3344897.036899225,94534614.1767442,628.0,916.0,796.0,-0.1691151133024875,0.9336178407934804,-0.0424308567939479,13283.922739244952,322.0022684244496,15792.0,12336.0,-710.3143107989464,163.10322710989456,656.0,-1604.0,-9735.863037752417,477.78437062838447,-5528.0,-10932.0,16495.65889527137,176566243.28709394,531137.4047410008,95015206.78489904,380.0,172.0,508.0,0.2932104385243637,0.951226194363622,0.2543820729018856
162,13538.91520125049,1765.9566726682351,24088.0,9916.0,452.2688550214928,1451.0934443167578,5088.0,-3100.0,-9350.197733489644,1256.9951324787992,-6404.0,-14216.0,16555.943415017788,186419609.11606097,2309396.4517389606,89005616.975381,1264.0,2400.0,1602.0,-0.0243619935768802,-0.4857052931606121,0.0412321331992368,13283.922739244952,322.0022684244496,15792.0,12336.0,-710.3143107989464,163.10322710989456,656.0,-1604.0,-9735.863037752417,477.78437062838447,-5528.0,-10932.0,16495.65889527137,176566243.28709394,531137.4047410008,95015206.78489904,380.0,172.0,508.0,0.2932104385243637,0.951226194363622,0.2543820729018856
164,14901.098880597016,232.2288473357934,16296.0,13088.0,-33.55037313432836,685.6946416968349,3712.0,-3304.0,-6983.742537313433,367.2799984178244,-5808.0,-8916.0,16475.97945957474,222096652.93283585,471083.4701492537,48907491.50746269,276.0,864.0,528.0,-0.0597327786835638,0.7489891068655548,-0.1573347136582716,13283.922739244952,322.0022684244496,15792.0,12336.0,-710.3143107989464,163.10322710989456,656.0,-1604.0,-9735.863037752417,477.78437062838447,-5528.0,-10932.0,16495.65889527137,176566243.28709394,531137.4047410008,95015206.78489904,380.0,172.0,508.0,0.2932104385243637,0.951226194363622,0.2543820729018856
165,14463.169406719086,1902.553877918947,23100.0,9416.0,-459.5897069335239,1402.5308908850684,3392.0,-5148.0,-7785.605432451751,973.3222739566442,-5636.0,-13096.0,16526.85216631652,212801686.86776268,2177612.563259471,61562669.6154396,1163.0,2431.0,1444.0,-0.0133303528123158,-0.2083069766025118,-0.0039863369279031,13283.922739244952,322.0022684244496,15792.0,12336.0,-710.3143107989464,163.10322710989456,656.0,-1604.0,-9735.863037752417,477.78437062838447,-5528.0,-10932.0,16495.65889527137,176566243.28709394,531137.4047410008,95015206.78489904,380.0,172.0,508.0,0.2932104385243637,0.951226194363622,0.2543820729018856
166,9764.425950196592,688.0658021612586,12136.0,7356.0,-3027.0091743119265,546.5834540305502,456.0,-4808.0,-12954.076015727393,424.2658727320769,-9976.0,-14312.0,16530.360948581896,95817293.56225426,9461440.125819135,167988027.97378767,737.0,793.0,422.0,0.6663771059134984,0.9269613253695568,0.5089052135551069,12280.493305144468,175.5948301296922,14340.0,9868.0,306.5722339675828,289.92671438693725,2596.0,-1824.0,-11062.03100775194,205.69520116234543,-7780.0,-13660.0,16535.52801491412,150841338.49753347,178014.41578576464,122410825.62367864,160.0,407.0,191.0,0.3218648012292457,0.8081659448438786,0.3689994207567857
167,11918.303740423617,800.5219305315296,14496.0,9940.0,-1272.3515096890492,585.718396925556,1084.0,-3472.0,-11305.634970707526,838.1504919860957,-8884.0,-12900.0,16526.941426759553,142686510.6155926,1961789.800811176,128519561.75574584,1322.0,708.0,1358.0,0.2666042505977339,0.951286539665023,0.1892609798339285,12280.493305144468,175.5948301296922,14340.0,9868.0,306.5722339675828,289.92671438693725,2596.0,-1824.0,-11062.03100775194,205.69520116234543,-7780.0,-13660.0,16535.52801491412,150841338.49753347,178014.41578576464,122410825.62367864,160.0,407.0,191.0,0.3218648012292457,0.8081659448438786,0.3689994207567857
169,12210.207329842931,2404.173839415441,20848.0,8132.0,-1481.0910994764397,1432.6317773252624,3212.0,-7036.0,-10972.97172774869,2179.719803177275,-6568.0,-18400.0,16590.066195286934,154866188.6827225,4244990.081675393,125154799.43036649,3342.0,2305.0,3850.0,-0.0768007491200875,-0.6882458608184358,0.1959596189286519,12280.493305144468,175.5948301296922,14340.0,9868.0,306.5722339675828,289.92671438693725,2596.0,-1824.0,-11062.03100775194,205.69520116234543,-7780.0,-13660.0,16535.52801491412,150841338.49753347,178014.41578576464,122410825.62367864,160.0,407.0,191.0,0.3218648012292457,0.8081659448438786,0.3689994207567857
171,14104.548148148147,242.35641138076696,14812.0,12488.0,-113.23407407407409,585.0170257052508,1004.0,-2060.0,-8538.788148148149,356.4065866268624,-7608.0,-10524.0,16503.92950569062,198996993.33925927,354940.1185185185,73037881.64740741,280.0,1036.0,452.0,0.1723244379293417,0.8681977991335623,0.1133290053746145,12280.493305144468,175.5948301296922,14340.0,9868.0,306.5722339675828,289.92671438693725,2596.0,-1824.0,-11062.03100775194,205.69520116234543,-7780.0,-13660.0,16535.52801491412,150841338.49753347,178014.41578576464,122410825.62367864,160.0,407.0,191.0,0.3218648012292457,0.8081659448438786,0.3689994207567857
172,13400.408293460923,2556.748204681869,23584.0,8948.0,-84.2126528442318,1452.0708929521902,4380.0,-4188.0,-9711.889420521,1897.752660973964,-4772.0,-15524.0,16659.59571225453,186104428.5550239,2114480.697501329,97920346.6241361,3928.0,2388.0,3136.0,0.0752651320524907,-0.6452815071077331,0.027496409879615,12280.493305144468,175.5948301296922,14340.0,9868.0,306.5722339675828,289.92671438693725,2596.0,-1824.0,-11062.03100775194,205.69520116234543,-7780.0,-13660.0,16535.52801491412,150841338.49753347,178014.41578576464,122410825.62367864,160.0,407.0,191.0,0.3218648012292457,0.8081659448438786,0.3689994207567857
173,4771.505154639175,1039.12497806601,9904.0,2600.0,34.838189152846255,441.9358619669872,3548.0,-1192.0,-15839.313312415958,413.4836558195189,-13508.0,-17056.0,16585.431386855726,23846558.171223667,196433.4630210668,251054738.30927837,372.0,452.0,228.0,0.7386364457815031,0.9252283001888552,0.6998560560131021,15463.169983686788,430.9634481202576,17000.0,6484.0,1.1484502446982054,342.2807494454984,2208.0,-2688.0,-5784.535073409462,898.2891692649218,-1436.0,-12780.0,16542.15811287097,239295294.8411093,117119.20652528548,34267506.17683524,536.0,296.0,1428.0,0.0743517888055209,0.8195274019542532,0.0746516069420412
174,12534.1474801061,930.5114028355994,25056.0,9256.0,-510.7925729442971,1215.053056405816,5944.0,-4440.0,-10731.499204244032,1059.9513607117717,-5812.0,-19148.0,16603.797593301148,157970245.1862069,1736479.7708222813,116287976.03819628,876.0,920.0,904.0,0.0099065475367198,0.6833259438225414,-0.0037932849452086,15463.169983686788,430.9634481202576,17000.0,6484.0,1.1484502446982054,342.2807494454984,2208.0,-2688.0,-5784.535073409462,898.2891692649218,-1436.0,-12780.0,16542.15811287097,239295294.8411093,117119.20652528548,34267506.17683524,536.0,296.0,1428.0,0.0743517888055209,0.8195274019542532,0.0746516069420412
175,11547.375631667604,2561.0573283623794,24864.0,5740.0,-330.85682201010667,1929.773587535975,6188.0,-5288.0,-11799.047725996632,2166.6515792112173,-7616.0,-22080.0,16705.075523167307,139897215.8472768,3831401.361033128,143909270.4952274,2736.0,3224.0,3108.0,-0.0852116030525293,-0.511455391825355,-0.015125728922865,15463.169983686788,430.9634481202576,17000.0,6484.0,1.1484502446982054,342.2807494454984,2208.0,-2688.0,-5784.535073409462,898.2891692649218,-1436.0,-12780.0,16542.15811287097,239295294.8411093,117119.20652528548,34267506.17683524,536.0,296.0,1428.0,0.0743517888055209,0.8195274019542532,0.0746516069420412
178,15705.080668257757,290.54533037119603,19692.0,14652.0,527.0090692124105,766.813077303854,4080.0,-2972.0,-5034.409546539379,639.2495707174153,-3328.0,-8028.0,16532.374205386637,246733935.09116945,865460.185202864,25753724.44105012,368.0,1192.0,986.0,-0.3523221631919232,0.7462045388428814,-0.4475450683969165,15463.169983686788,430.9634481202576,17000.0,6484.0,1.1484502446982054,342.2807494454984,2208.0,-2688.0,-5784.535073409462,898.2891692649218,-1436.0,-12780.0,16542.15811287097,239295294.8411093,117119.20652528548,34267506.17683524,536.0,296.0,1428.0,0.0743517888055209,0.8195274019542532,0.0746516069420412
179,15710.468887492145,2711.430714981409,26848.0,10684.0,1179.0722815839094,1669.8509297169292,6564.0,-2920.0,-4866.126964173476,1190.5116204645624,-2032.0,-11164.0,16602.740098283903,254166068.2840981,4176860.962916405,25095618.715273414,3794.0,2802.0,1482.0,0.1097222999586213,-0.4767237155029342,-0.1157355578678834,15463.169983686788,430.9634481202576,17000.0,6484.0,1.1484502446982054,342.2807494454984,2208.0,-2688.0,-5784.535073409462,898.2891692649218,-1436.0,-12780.0,16542.15811287097,239295294.8411093,117119.20652528548,34267506.17683524,536.0,296.0,1428.0,0.0743517888055209,0.8195274019542532,0.0746516069420412
180,9971.142268041238,496.21667826109024,12652.0,6956.0,2621.509278350516,559.8085991382451,5748.0,-5764.0,-12951.917525773197,515.8621562501064,8248.0,-16576.0,16578.59662105606,99669824.50584193,7185588.871477664,168018189.91065294,488.0,776.0,300.0,-0.4665850322395287,0.5129446866039219,-0.3606446722614154,9553.303780964798,498.804424798684,12020.0,8696.0,794.5258583224685,171.5530184386281,2036.0,-612.0,-13477.9469795741,380.5995347911922,-10852.0,-14088.0,16551.948931596064,91514310.8561495,660688.987396784,181799847.8365928,660.0,168.0,464.0,-0.3159959792037848,0.955803143822082,-0.2972935032772926
181,11991.146082791653,1253.0777131429036,14076.0,8664.0,-1409.680465275402,227.07527807895863,-108.0,-2692.0,-11098.773862470063,1405.3204687757116,-8440.0,-14156.0,16508.860875079477,145357250.94491962,2038744.5555935684,125157031.21997948,2360.0,268.0,2636.0,-0.2033303819845375,0.9896690784486876,-0.1842878682531774,9553.303780964798,498.804424798684,12020.0,8696.0,794.5258583224685,171.5530184386281,2036.0,-612.0,-13477.9469795741,380.5995347911922,-10852.0,-14088.0,16551.948931596064,91514310.8561495,660688.987396784,181799847.8365928,660.0,168.0,464.0,-0.3159959792037848,0.955803143822082,-0.2972935032772926
182,11648.204603580563,2287.4730252022773,23608.0,4956.0,-732.2813299232737,1650.9730503352716,3744.0,-5440.0,-11632.946291560102,2299.338562362844,-5956.0,-18748.0,16640.52280696094,140909857.71867007,3260205.1764705884,140609016.83887467,2377.0,2829.0,3442.0,-0.1220575602035252,-0.4691652938398819,0.081652930044728,9553.303780964798,498.804424798684,12020.0,8696.0,794.5258583224685,171.5530184386281,2036.0,-612.0,-13477.9469795741,380.5995347911922,-10852.0,-14088.0,16551.948931596064,91514310.8561495,660688.987396784,181799847.8365928,660.0,168.0,464.0,-0.3159959792037848,0.955803143822082,-0.2972935032772926
184,13442.333048676344,146.2222123779666,14344.0,12704.0,1158.2476515798462,153.03600818161706,1788.0,-488.0,-9535.704526046116,204.6597417157275,-8756.0,-10588.0,16524.225022219518,180717694.16225448,1364952.6421861656,90971537.47566184,200.0,188.0,284.0,0.1212123604893559,0.8503978449966244,0.1825273307841486,9553.303780964798,498.804424798684,12020.0,8696.0,794.5258583224685,171.5530184386281,2036.0,-612.0,-13477.9469795741,380.5995347911922,-10852.0,-14088.0,16551.948931596064,91514310.8561495,660688.987396784,181799847.8365928,660.0,168.0,464.0,-0.3159959792037848,0.955803143822082,-0.2972935032772926
185,12503.98431372549,1903.767511064,20172.0,8552.0,1133.678431372549,1536.6052281145028,5076.0,-3496.0,-10700.117647058823,1672.769083687416,-7000.0,-15404.0,16588.04807234768,159971585.6104575,3644839.173856209,117288845.20784314,2508.0,2704.0,2812.0,0.0487449650934499,-0.7713830512857514,-0.0091508462929451,9553.303780964798,498.804424798684,12020.0,8696.0,794.5258583224685,171.5530184386281,2036.0,-612.0,-13477.9469795741,380.5995347911922,-10852.0,-14088.0,16551.948931596064,91514310.8561495,660688.987396784,181799847.8365928,660.0,168.0,464.0,-0.3159959792037848,0.955803143822082,-0.2972935032772926
186,10737.891506067095,915.1397142203692,13428.0,8232.0,654.4254104211278,758.156379415395,3340.0,-1804.0,-12548.369735902928,901.1148161031535,-9284.0,-14592.0,16595.116687391746,116139495.80585296,1002868.573875803,158273301.1448965,1042.0,888.0,984.0,0.0208077424656847,0.9745092597663972,0.0331533202091034,14540.790697674418,650.4925448223477,16256.0,13020.0,552.5683139534884,288.22033503141074,1896.0,-960.0,-7700.806686046511,1350.104838768428,-4260.0,-9880.0,16533.573137519357,211857580.90697676,388372.51744186046,61124544.343023255,984.0,348.0,1912.0,0.084199658476882,0.9792112030065012,0.0991073696351906
187,13265.524595803234,2080.813242584057,16472.0,6696.0,574.2332301341589,1823.7255152420669,8160.0,-5016.0,-9284.964568283454,2027.3900348791635,-4872.0,-14984.0,16557.55135000498,180302437.11867905,3654574.431372549,90319463.45235638,1996.0,902.0,2934.0,-0.4544570210193847,0.941771407512147,-0.3951948911648834,14540.790697674418,650.4925448223477,16256.0,13020.0,552.5683139534884,288.22033503141074,1896.0,-960.0,-7700.806686046511,1350.104838768428,-4260.0,-9880.0,16533.573137519357,211857580.90697676,388372.51744186046,61124544.343023255,984.0,348.0,1912.0,0.084199658476882,0.9792112030065012,0.0991073696351906
188,13801.462160875772,2638.1267571482995,30868.0,8832.0,-412.4797715373632,1932.4672643553124,4320.0,-6364.0,-9039.38505473584,1948.539663866827,-4404.0,-17496.0,16685.577469965356,197436757.9933365,3902791.836268444,85505481.84673965,2520.0,3356.0,2412.0,-0.0469610924662354,-0.5066706174190443,0.0438015685288953,14540.790697674418,650.4925448223477,16256.0,13020.0,552.5683139534884,288.22033503141074,1896.0,-960.0,-7700.806686046511,1350.104838768428,-4260.0,-9880.0,16533.573137519357,211857580.90697676,388372.51744186046,61124544.343023255,984.0,348.0,1912.0,0.084199658476882,0.9792112030065012,0.0991073696351906
190,15624.845036319612,578.3180463789677,18564.0,12176.0,504.8910411622276,1065.7791786549392,4536.0,-4344.0,-4861.680387409201,1861.14640937888,1540.0,-10772.0,16519.824889751235,244470031.71912837,1390112.6392251817,27097705.375302665,1012.0,1434.0,3392.0,-0.5243786686743719,0.8877593116740434,-0.5427173852877716,14540.790697674418,650.4925448223477,16256.0,13020.0,552.5683139534884,288.22033503141074,1896.0,-960.0,-7700.806686046511,1350.104838768428,-4260.0,-9880.0,16533.573137519357,211857580.90697676,388372.51744186046,61124544.343023255,984.0,348.0,1912.0,0.084199658476882,0.9792112030065012,0.0991073696351906
191,15950.575079872204,2741.032420331688,27928.0,10964.0,-734.3130990415335,1713.855367131291,3804.0,-7132.0,-3928.112886048989,1062.1685942317604,-740.0,-7832.0,16559.168197693027,261930103.43769968,3474951.889243877,16557672.221512249,3195.0,2902.0,1391.0,-0.075478096944888,-0.4963198460364353,0.0650517895000559,14540.790697674418,650.4925448223477,16256.0,13020.0,552.5683139534884,288.22033503141074,1896.0,-960.0,-7700.806686046511,1350.104838768428,-4260.0,-9880.0,16533.573137519357,211857580.90697676,388372.51744186046,61124544.343023255,984.0,348.0,1912.0,0.084199658476882,0.9792112030065012,0.0991073696351906
192,11746.260099612618,987.1630554172516,14124.0,9044.0,-1298.4836745987825,1667.8842064310809,2524.0,-4380.0,-11370.426120641949,814.0234635887563,-8208.0,-14452.0,16533.04572033232,138948577.93912563,4466358.100719425,129948857.6602103,1830.0,3428.0,1424.0,0.9318574634028802,0.968142997712536,0.9046454006957758,13035.00441826215,150.64766033353143,13992.0,12360.0,255.62886597938143,103.19887390369313,932.0,-224.0,-10153.250859106529,173.9340208824445,-9068.0,-10564.0,16526.429298159466,169934023.760432,75990.89641629848,103118741.19980364,132.0,128.0,136.0,0.1018776582960248,0.7731473405000051,0.1936358673492782
193,15026.88492706645,192.05980765337415,16644.0,13052.0,1565.679092382496,354.7740458625285,5092.0,840.0,-6662.495948136143,278.98384794214246,-4552.0,-7744.0,16518.70151259879,225844127.68881685,2577113.646677472,44466621.17341977,192.0,252.0,336.0,-0.1776365171304895,0.5845269737345343,-0.0168300498031511,13035.00441826215,150.64766033353143,13992.0,12360.0,255.62886597938143,103.19887390369313,932.0,-224.0,-10153.250859106529,173.9340208824445,-9068.0,-10564.0,16526.429298159466,169934023.760432,75990.89641629848,103118741.19980364,132.0,128.0,136.0,0.1018776582960248,0.7731473405000051,0.1936358673492782
194,15509.531707317074,3128.1676531161893,32732.0,5912.0,1193.9726829268293,1468.9539653453005,7188.0,-6440.0,-5573.196097560975,1334.287782439892,-1556.0,-13632.0,16638.43159094431,250326233.26439023,3582343.9219512194,32839970.17756097,2680.0,2042.0,1396.0,0.1209112375431189,-0.3714935178729839,0.0062750865991734,13035.00441826215,150.64766033353143,13992.0,12360.0,255.62886597938143,103.19887390369313,932.0,-224.0,-10153.250859106529,173.9340208824445,-9068.0,-10564.0,16526.429298159466,169934023.760432,75990.89641629848,103118741.19980364,132.0,128.0,136.0,0.1018776582960248,0.7731473405000051,0.1936358673492782
196,15359.928470588236,257.1045398477542,17520.0,13320.0,-340.0621176470588,608.9497518537203,1796.0,-2404.0,-5918.008470588236,394.2046199806554,-3956.0,-7532.0,16480.801868030623,235993474.25882357,486287.5407058824,35178148.4122353,256.0,792.0,552.0,0.1283187208491436,0.5367140481171402,0.075271085040071,13035.00441826215,150.64766033353143,13992.0,12360.0,255.62886597938143,103.19887390369313,932.0,-224.0,-10153.250859106529,173.9340208824445,-9068.0,-10564.0,16526.429298159466,169934023.760432,75990.89641629848,103118741.19980364,132.0,128.0,136.0,0.1018776582960248,0.7731473405000051,0.1936358673492782
199,14907.23948051948,3076.514468644566,29280.0,8924.0,530.1942857142857,1456.6066015761678,5828.0,-4348.0,-7117.248831168831,1673.734389177233,-3916.0,-15996.0,16643.865501114527,231685813.3527273,2401706.589090909,53455162.46441559,3848.0,2272.0,2136.0,0.0007004449411934,-0.4893468529929953,0.0390055629725978,13035.00441826215,150.64766033353143,13992.0,12360.0,255.62886597938143,103.19887390369313,932.0,-224.0,-10153.250859106529,173.9340208824445,-9068.0,-10564.0,16526.429298159466,169934023.760432,75990.89641629848,103118741.19980364,132.0,128.0,136.0,0.1018776582960248,0.7731473405000051,0.1936358673492782
299,14460.366636113657,477.0261358585325,16220.0,12104.0,1099.0485792850595,512.3546853852519,3872.0,-2736.0,-7851.516040329972,818.9747454141298,-5976.0,-10752.0,16525.642033783235,209329652.89825848,1470294.7974335472,62316716.3776352,748.0,447.0,1407.0,0.0038081649225158,0.932669058701866,0.0640762969399964,12783.4118251928,292.9853708549095,13484.0,11796.0,1269.1043701799483,302.78445440553384,1940.0,-76.0,-10429.08380462725,394.1332127242633,-9396.0,-11572.0,16556.57058118394,163501414.18611825,1702257.192802057,108921050.12647817,280.0,204.0,404.0,0.80912770190945,0.9580945835246916,0.8258498149709727
300,12847.236565781346,2921.526001214032,28892.0,5844.0,1358.613959234095,1873.3636719269832,7464.0,-3484.0,-10302.443483631872,2579.9432365018315,-3572.0,-18788.0,16660.70579405542,173581529.5861643,5353155.646695491,112792337.59110564,3298.0,2894.0,3654.0,0.0645567825016103,-0.8289748411635098,-0.2330885852120162,12783.4118251928,292.9853708549095,13484.0,11796.0,1269.1043701799483,302.78445440553384,1940.0,-76.0,-10429.08380462725,394.1332127242633,-9396.0,-11572.0,16556.57058118394,163501414.18611825,1702257.192802057,108921050.12647817,280.0,204.0,404.0,0.80912770190945,0.9580945835246916,0.8258498149709727
303,7705.299017313991,220.6406507938661,8876.0,6944.0,-1376.2227421619093,244.18450035350057,-256.0,-2448.0,-14575.470285446889,142.18444324306276,-13484.0,-15312.0,16547.810518829934,59420292.46233037,1953587.2044922789,212464540.99766028,296.0,312.0,164.0,0.2259500682839958,0.6780502136564133,0.0348367046411182,12783.4118251928,292.9853708549095,13484.0,11796.0,1269.1043701799483,302.78445440553384,1940.0,-76.0,-10429.08380462725,394.1332127242633,-9396.0,-11572.0,16556.57058118394,163501414.18611825,1702257.192802057,108921050.12647817,280.0,204.0,404.0,0.80912770190945,0.9580945835246916,0.8258498149709727
304,14520.713740458015,511.1588844416476,16544.0,11600.0,-1136.37786259542,876.985874289448,2268.0,-3488.0,-7589.932569974555,843.5753345835033,-4344.0,-11816.0,16476.13413254158,211112327.83206108,2060214.2442748093,58318469.41984733,460.0,516.0,808.0,0.1392232217253979,0.91649297114796,0.0666852881911122,12783.4118251928,292.9853708549095,13484.0,11796.0,1269.1043701799483,302.78445440553384,1940.0,-76.0,-10429.08380462725,394.1332127242633,-9396.0,-11572.0,16556.57058118394,163501414.18611825,1702257.192802057,108921050.12647817,280.0,204.0,404.0,0.80912770190945,0.9580945835246916,0.8258498149709727
305,13295.904375,3218.837564016015,32767.0,5748.0,123.7125,1819.1171785820009,6892.0,-6188.0,-9709.69,2276.647982818939,-5280.0,-16248.0,16629.389330134516,187135512.840625,3322423.85,99457966.48,3573.0,2917.0,3621.0,-0.0567331468564232,-0.6756288631844871,-0.1762118716072344,12783.4118251928,292.9853708549095,13484.0,11796.0,1269.1043701799483,302.78445440553384,1940.0,-76.0,-10429.08380462725,394.1332127242633,-9396.0,-11572.0,16556.57058118394,163501414.18611825,1702257.192802057,108921050.12647817,280.0,204.0,404.0,0.80912770190945,0.9580945835246916,0.8258498149709727
306,12161.324963785612,245.6377249773864,13448.0,11444.0,-1218.7407049734427,446.5758136882132,1068.0,-3576.0,-11237.724770642202,302.63083418043016,-9116.0,-12388.0,16613.54815170201,147958133.6320618,1684662.5668759053,126377999.21970063,308.0,342.0,362.0,0.5246534693717053,0.8494586270622946,0.3768933284342667,14337.6005841548,197.94192270021827,15764.0,12352.0,-675.3106973347938,332.8537226112401,928.0,-4060.0,-8232.575392479006,279.98400584435745,-6468.0,-9840.0,16553.440473891067,205605957.2106608,566795.6889375685,67853660.01606426,164.0,264.0,264.0,0.2135689610840997,0.7868296346320963,0.0456586509292635
307,15784.175413371677,291.91050811435525,17200.0,14204.0,-675.8475916606758,819.8592824028021,3412.0,-2132.0,-4900.934579439252,647.9246697969292,-1184.0,-8064.0,16576.11239167,249225343.9654925,1128455.9827462258,24438664.32782171,220.0,1152.0,582.0,-0.147802572152989,0.8303122196229938,-0.2587398595422948,14337.6005841548,197.94192270021827,15764.0,12352.0,-675.3106973347938,332.8537226112401,928.0,-4060.0,-8232.575392479006,279.98400584435745,-6468.0,-9840.0,16553.440473891067,205605957.2106608,566795.6889375685,67853660.01606426,164.0,264.0,264.0,0.2135689610840997,0.7868296346320963,0.0456586509292635
308,15282.53985706432,3387.4219365412405,27404.0,8024.0,-610.3903243540407,1745.1365565876067,5224.0,-6856.0,-6231.296316657505,2841.199185465194,312.0,-17916.0,16739.117562773277,245024343.6525564,3416403.676745465,46897028.76745465,5468.0,2342.0,4200.0,-0.0514166975063087,-0.5686974012589674,0.0666590181804824,14337.6005841548,197.94192270021827,15764.0,12352.0,-675.3106973347938,332.8537226112401,928.0,-4060.0,-8232.575392479006,279.98400584435745,-6468.0,-9840.0,16553.440473891067,205605957.2106608,566795.6889375685,67853660.01606426,164.0,264.0,264.0,0.2135689610840997,0.7868296346320963,0.0456586509292635
310,15800.59493670886,261.7081277482188,18100.0,13532.0,-641.8101265822785,539.8953030094063,2432.0,-2792.0,-4761.094936708861,501.6415101201041,-972.0,-6860.0,16532.446910728646,249727264.4050633,703291.8734177215,22919569.65822785,244.0,548.0,633.0,0.1370972253763802,0.7776123833762187,0.0541611022113937,14337.6005841548,197.94192270021827,15764.0,12352.0,-675.3106973347938,332.8537226112401,928.0,-4060.0,-8232.575392479006,279.98400584435745,-6468.0,-9840.0,16553.440473891067,205605957.2106608,566795.6889375685,67853660.01606426,164.0,264.0,264.0,0.2135689610840997,0.7868296346320963,0.0456586509292635
311,14979.54255319149,3330.2290100678483,25580.0,8564.0,-920.5404255319148,1479.6892779212585,3804.0,-5468.0,-7088.687234042553,2260.9046920778705,-224.0,-13888.0,16737.274273172272,235471221.2,3035710.4170212764,55358457.74468085,5563.0,1872.0,3933.0,-0.0942606887614368,-0.5713626533436699,0.0153004354765974,14337.6005841548,197.94192270021827,15764.0,12352.0,-675.3106973347938,332.8537226112401,928.0,-4060.0,-8232.575392479006,279.98400584435745,-6468.0,-9840.0,16553.440473891067,205605957.2106608,566795.6889375685,67853660.01606426,164.0,264.0,264.0,0.2135689610840997,0.7868296346320963,0.0456586509292635
